fecha,bytes_total,requests_total,total_transfer,promedio_por_request,peso_imagenes,peso_scripts,peso_css,fcp,lcp,speed_index,tbt,clst,cpu_time_ms,cpu_avg_percent,ram_avg_mb,energia_kwh,co2_kg,eficiencia_transferencia_kb_request,porcentaje_imagenes
2026-04-18,3429947,142,3429946,24154.549295774646,731219,2063835,1939,2131.701,9548.84,6563.417309946666,1173,0.027284,3281.163999999989,0,9.12109375,0.0061739028000000005,0.0027782562600000005,24.154549295774647,0.2131867382168699
