fecha,bytes_total,requests_total,total_transfer,promedio_por_request,peso_imagenes,peso_scripts,peso_css,fcp,lcp,speed_index,tbt,clst,cpu_time_ms,cpu_avg_percent,ram_avg_mb,energia_kwh,co2_kg,eficiencia_transferencia_kb_request,porcentaje_imagenes
2026-04-18,11477177,141,11477177,81398.41843971632,575989,1249429,33554,6818.574622329714,16440.784,9434.926949442624,1206,0.007097,4434.355999999994,0,9.09765625,0.0206589186,0.00929651337,81.39841843971632,0.05018559877572682
