fecha,bytes_total,requests_total,total_transfer,promedio_por_request,peso_imagenes,peso_scripts,peso_css,fcp,lcp,speed_index,tbt,clst,cpu_time_ms,cpu_avg_percent,ram_avg_mb,energia_kwh,co2_kg,eficiencia_transferencia_kb_request,porcentaje_imagenes
2026-04-18,3703487,221,3703487,16757.859728506788,693798,2758860,7975,1519.307,3217.3855000000003,1763.7968440660825,2120,0,3713.515999999965,0,9.12890625,0.006666276600000001,0.00299982447,16.757859728506787,0.18733642105399587
